#!,Workbook:,Custom,Custom
#!,Para reproducir estos datos: abra el archivo original de Excel, haga clic en el botón *Importar archivo de datos* de la pestaña *Secuencia de datos* de la cinta de opciones y desplácese hasta este archivo.
#!,Para obtener más información, visite http://aka.ms/hackingstem/
449684,0
449685,0
449687,0
449688,0
449689,0
449691,0
449692,0
449693,0
449695,0
449696,0
449697,0
449699,0
449700,0
449701,0
449703,0
449704,0
449705,0
449708,0
449709,0
449710,0
449712,0
449713,0
449714,0
449716,0
449717,0
449718,0
449720,0
449721,0
449722,0
449724,0
449725,1
449727,1
449728,1
449729,1
449731,1
449732,1
449733,1
449735,1
449736,1
449737,1
449739,1
449740,1
449741,1
449743,1
449744,1
449745,1
449747,1
449748,1
449750,1
449752,1
449753,1
449754,1
449756,1
449757,1
449758,1
449760,1
449761,1
449762,1
449764,1
449765,1
449767,1
449768,1
449769,1
449771,1
449772,1
449773,1
449775,1
449776,1
449777,1
449779,1
449780,1
449781,1
449783,1
449784,1
449785,1
449787,1
449788,1
449789,1
449792,1
449793,1
449794,1
449796,1
449797,1
449798,1
449800,1
449801,1
449802,1
449804,1
449805,1
449806,1
449808,1
449809,1
449811,1
449812,1
449813,1
449815,1
449816,1
449817,1
449819,1
449820,1
449821,1
449823,1
449824,1
449825,1
449827,1
449828,1
449829,1
449831,1
449832,1
449833,1
449836,1
449837,1
449838,1
449840,1
449841,1
449842,1
449844,1
449845,1
449846,1
449848,1
449849,1
449850,1
449852,1
449853,1
449855,1
449856,1
449857,1
449859,1
449860,1
449861,1
449863,1
449864,1
449865,1
449867,1
449868,1
449869,1
449871,1
449872,1
449873,1
449875,1
449876,1
449878,1
449880,1
449881,1
449882,1
449884,1
449885,1
449886,1
449888,1
449889,1
449890,1
449892,1
449893,1
449894,1
449896,1
449897,1
449899,1
449900,1
449901,1
449903,1
449904,1
449905,1
449907,1
449908,1
449909,1
449911,1
449912,1
449913,1
449915,1
449916,1
449917,1
449920,1
449921,1
449922,1
449924,1
449925,1
449926,1
449928,1
449929,1
449930,1
449932,1
449933,1
449934,1
449936,1
449937,1
449938,1
449940,1
449941,1
449943,1
449944,1
449945,1
449947,1
449948,1
449949,1
449951,1
449952,1
449953,1
449955,1
449956,1
449957,1
449959,1
449960,1
449961,1
449964,1
449965,1
449966,1
449968,1
449969,1
449970,1
449972,1
449973,1
449974,1
449976,0
449977,0
449978,0
449980,0
449981,0
449982,0
449984,0
449985,0
449987,0
449988,0
449989,0
449991,0
449992,0
449993,0
449995,0
449996,0
449997,0
449999,0
450000,0
450001,0
450003,0
450004,0
450006,0
450008,0
450009,0
450010,0
450012,0
450013,0
450014,0
450016,0
450017,0
450018,0
450020,0
450021,0
450022,0
450024,0
450025,0
450027,0
450028,0
450029,0
450031,0
450032,0
450033,0
450035,0
450036,0
450037,0
450039,0
450040,0
450041,0
450043,0
450044,0
450045,0
450048,0
450049,0
450050,0
450052,0
450053,0
450054,0
450056,0
450057,0
450058,0
450060,0
450061,0
450062,0
450064,0
450065,0
450066,0
450068,0
450069,0
450071,0
450072,0
450073,0
450075,0
450076,0
450077,0
450079,0
450080,0
450081,0
450083,0
450084,0
450085,0
450087,0
450088,0
450089,0
450092,0
450093,0
450094,0
450096,0
450097,0
450098,0
450100,0
450101,0
450102,0
450104,0
450105,0
450106,0
450108,0
450109,0
450111,0
450112,0
450113,0
450115,0
450116,0
450117,0
450119,0
450120,0
450121,0
450123,0
450124,0
450125,0
450127,0
450128,0
450129,0
450131,0
450132,0
450134,0
450136,0
450137,0
450138,0
450140,0
450141,0
450142,0
450144,0
450145,0
450146,0
450148,0
450149,0
450150,0
450152,0
450153,0
450155,0
450156,0
450157,0
450159,0
450160,0
450161,0
450163,0
450164,0
450165,0
450167,0
450168,0
450169,0
450171,0
450172,0
450173,0
450176,0
450177,0
450178,0
450180,0
450181,0
450182,0
450184,0
450185,0
450186,0
450188,0
450189,0
450190,0
450192,0
450193,0
450195,0
450196,0
450197,0
450199,0
450200,0
450201,0
450203,0
450204,0
450205,0
450207,0
450208,0
450209,0
450211,0
450212,0
450213,0
450215,0
450216,0
450217,0
450220,0
450221,0
450222,0
450224,0
450225,0
450226,0
450228,0
450229,0
450230,0
450232,1
450233,1
450234,1
450236,1
450237,1
450239,1
450240,1
450241,1
450243,1
450244,1
450245,1
450247,1
450248,1
450249,1
450251,1
450252,1
450253,1
450255,1
450256,1
450257,1
450259,1
450260,1
450262,1
450264,1
450265,1
450266,1
450268,1
450269,1
450270,1
450272,1
450273,1
450274,1
450276,1
450277,1
450278,1
450280,1
450281,1
450283,1
450284,1
450285,1
450287,1
450288,1
450289,1
450291,1
450292,1
450293,1
450295,1
450296,1
450297,1
450299,1
450300,1
450301,1
450304,1
450305,1
450306,1
450308,1
450309,1
450310,1
450312,1
450313,1
450314,1
450316,1
450317,1
450318,1
450320,1
450321,1
450322,1
450324,1
450325,1
450327,1
450328,1
450329,1
450331,1
450332,1
450333,1
450335,1
450336,1
450337,1
450339,1
450340,1
450341,1
450343,1
450344,1
450345,1
450348,1
450349,1
450350,1
450352,1
450353,1
450354,1
450356,1
450357,1
450358,1
450360,1
450361,1
450362,1
450364,1
450365,1
450367,1
450368,1
450369,1
450371,1
450372,1
450373,1
450375,1
450376,1
450377,1
450379,1
450380,1
450381,1
450383,1
450384,1
450385,1
450387,1
450388,1
450390,1
450392,1
450393,1
450394,1
450396,1
450397,1
450398,1
450400,1
450401,1
450402,1
450404,1
450405,1
450407,1
450408,1
450409,1
450411,1
450412,1
450413,1
450415,1
450416,1
450417,1
450419,1
450420,1
450421,1
450423,1
450424,1
450425,1
450427,1
450428,1
450429,1
450432,1
450433,1
450434,1
450436,1
450437,1
450438,1
450440,1
450441,1
450442,1
450444,0
450445,0
450447,0
450448,0
450449,0
450451,0
450452,0
450453,0
450455,0
450456,0
450457,0
450459,0
450460,0
450461,0
450463,0
450464,0
450465,0
450467,0
450468,0
450469,0
450471,0
450472,0
450473,0
450476,0
450477,0
450478,0
450480,0
450481,0
450482,0
450484,0
450485,0
450486,0
450488,0
450489,0
450491,0
450492,0
450493,0
450495,0
450496,0
450497,0
450499,0
450500,0
450501,0
450503,0
450504,0
450505,0
450507,0
450508,0
450509,0
450511,0
450512,0
450513,0
450515,0
450516,0
450518,0
450520,0
450521,0
450522,0
450524,0
450525,0
450526,0
450528,0
450529,0
450530,0
450532,0
450533,0
450535,0
450536,0
450537,0
450539,0
450540,0
450541,0
450543,0
450544,0
450545,0
450547,0
450548,0
450549,0
450551,0
450552,0
450553,0
450555,0
450556,0
450557,0
450560,0
450561,0
450562,0
450564,0
450565,0
450566,0
450568,0
450569,0
450570,0
450572,0
450573,0
450575,0
450576,0
450577,0
450579,0
450580,0
450581,0
450583,0
450584,0
450585,0
450587,0
450588,0
450589,0
450591,0
450592,0
450593,0
450595,0
450596,0
450597,0
450599,0
450600,0
450601,0
450604,0
450605,0
450606,0
450608,0
450609,0
450610,0
450612,0
450613,0
450614,0
450616,0
450617,0
450619,0
450620,0
450621,0
450623,0
450624,0
450625,0
450627,0
450628,0
450629,0
450631,0
450632,0
450633,0
450635,0
450636,1
450637,1
450639,1
450640,1
450641,1
450643,1
450644,1
450646,1
450648,1
450649,1
450650,1
450652,1
450653,1
450654,1
450656,1
450657,1
450658,1
450660,1
450661,1
450662,1
450664,1
450665,1
450667,1
450668,1
450669,1
450671,1
450672,1
450673,1
450675,1
450676,1
450677,1
450679,1
450680,1
450681,1
450683,1
450684,1
450685,1
450688,1
450689,1
450690,1
450692,1
450693,1
450694,1
450696,1
450697,1
450698,1
450700,1
450701,1
450702,1
450704,1
450705,1
450706,1
450708,1
450709,1
450711,1
450712,1
450713,1
450715,1
450716,1
450717,1
450719,1
450720,1
450721,1
450723,1
450724,1
450725,1
450727,1
450728,1
450729,1
450732,1
450733,1
450734,1
450736,1
450737,1
450738,1
450740,1
450741,1
450742,1
450744,1
450745,1
450746,1
450748,1
450749,1
450750,1
450752,1
450753,1
450755,1
450756,1
450757,1
450759,1
450760,1
450761,1
450763,1
450764,1
450765,1
450767,1
450768,1
450769,1
450771,1
450772,1
450774,1
450776,1
450777,1
450778,1
450780,1
450781,1
450782,1
450784,1
450785,1
450786,1
450788,1
450789,1
450790,1
450792,1
450793,1
450794,1
450796,1
450797,1
450799,1
450800,1
450801,1
450803,1
450804,1
450805,1
450807,1
450808,1
450809,1
450811,1
450812,1
450813,1
450816,1
450817,1
450818,1
450820,1
450821,1
450822,1
450824,1
450825,1
450826,1
450828,1
450829,1
450830,1
450832,1
450833,1
450834,1
450836,1
450837,1
450838,1
450840,1
450841,1
450842,1
450844,1
450845,1
450847,1
450848,1
450849,1
450851,1
450852,1
450853,1
450855,1
450856,1
450857,1
450860,1
450861,1
450862,1
450864,1
450865,1
450866,1
450868,1
450869,1
450870,1
450872,1
450873,1
450874,1
450876,1
450877,1
450878,1
450880,1
450881,1
450882,1
450884,1
450885,1
450887,1
450888,1
450889,1
450891,1
450892,1
450893,1
450895,1
450896,1
450897,1
450899,1
450900,1
450902,1
450904,1
450905,1
450906,1
450908,1
450909,1
450910,0
450912,0
450913,0
450914,0
450916,0
450917,0
450918,0
450920,0
450921,0
450922,0
450924,0
450925,0
450926,0
450928,0
450929,0
450931,0
450932,0
450933,0
450935,0
450936,0
450937,0
450939,0
450940,0
450941,0
450944,0
450945,0
450946,0
450948,0
450949,0
450950,0
450952,0
450953,0
450954,0
450956,0
450957,0
450958,0
450960,0
450961,0
450962,0
450964,0
450965,0
450966,0
450968,0
450969,0
450970,0
450972,0
450973,0
450975,0
450976,0
450977,0
450979,0
450980,0
450981,0
450983,0
450984,0
450985,0
450988,0
450989,0
450990,0
450992,0
450993,0
450994,0
450996,0
450997,0
450998,0
451000,0
451001,0
451002,0
451004,0
451005,0
451006,0
451008,0
451009,0
451010,0
451012,0
451013,0
451015,0
451016,0
451017,0
451019,0
451020,0
451021,0
451023,0
451024,0
451025,0
451027,0
451028,0
451030,0
451032,0
451033,0
451034,0
451036,0
451037,0
451038,0
451040,0
451041,0
451042,0
451044,0
451045,0
451046,0
451048,0
451049,0
451050,0
451052,0
451053,0
451054,0
451056,0
451057,0
451059,0
451060,0
451061,0
451063,0
451064,0
451065,0
451067,0
451068,0
451069,0
451072,0
451073,0
451074,0
451076,0
451077,0
451078,0
451080,0
451081,0
451082,0
451084,0
451085,0
451086,0
451088,0
451089,0
451090,0
451092,0
451093,0
451094,0
451096,0
451097,0
451099,0
451100,0
451101,0
451103,0
451104,0
451105,0
451107,0
451108,0
451109,0
451111,0
451112,0
451113,0
451116,0
451117,0
451118,0
451120,0
451121,0
451122,0
451124,0
451125,0
451126,0
451128,0
451129,0
451130,0
451132,0
451133,0
451134,0
451136,0
451137,0
451138,0
451140,0
451141,0
451143,0
451144,0
451145,0
451147,0
451148,0
451149,0
451151,0
451152,0
451153,0
451155,0
451156,0
451158,0
451160,0
451161,0
451162,0
451164,0
451165,0
451166,0
451168,0
451169,0
451170,0
451172,0
451173,0
451174,0
451176,0
451177,0
451178,0
451180,0
451181,0
451183,0
451184,0
451185,0
451187,0
451188,0
451189,0
451191,0
451192,0
451193,0
451195,0
451196,0
451197,0
451200,0
451201,0
451202,1
451204,1
451205,1
451206,1
451208,1
451209,1
451210,1
451212,1
451213,1
451214,1
451216,1
451217,1
451218,1
451220,1
451221,1
451222,1
451224,1
451225,1
451226,1
451228,1
451229,1
451231,1
451232,1
451233,1
451235,1
451236,1
451237,1
451239,1
451240,1
451241,1
451244,1
451245,1
451246,1
451248,1
451249,1
451250,1
451252,1
451253,1
451254,1
451256,1
451257,1
451258,1
451260,1
451261,1
451262,1
451264,1
451265,1
451266,1
451268,1
451269,1
451270,1
451272,1
451273,1
451274,1
451276,1
451277,1
451279,1
451280,1
451281,1
451283,1
451284,1
451286,1
451288,1
451289,1
451290,1
451292,1
451293,1
451294,1
451296,1
451297,1
451298,1
451300,1
451301,1
451302,1
451304,1
451305,1
451306,1
451308,1
451309,1
451310,1
451312,1
451313,1
451314,1
451316,1
451317,1
451318,1
451320,1
451321,1
451322,1
451324,1
451325,1
451328,1
451329,1
451330,1
451332,1
451333,1
451334,1
451336,1
451337,1
451338,1
451340,1
451341,1
451342,1
451344,1
451345,1
451346,1
451348,1
451349,1
451350,1
451352,1
451353,1
451354,1
451356,1
451357,1
451358,1
451360,1
451361,1
451362,1
451364,1
451365,1
451367,1
451368,1
451369,1
451372,1
451373,1
451374,1
451376,1
451377,1
451378,1
451380,1
451381,1
451382,1
451384,1
451385,1
451386,1
451388,1
451389,1
451390,1
451392,1
451393,1
451394,1
451396,1
451397,1
451398,1
451400,1
451401,1
451402,1
451404,1
451405,1
451406,1
451408,1
451409,1
451411,1
451412,1
451414,1
451416,1
451417,1
451418,1
451420,1
451421,1
451422,0
451424,0
451425,0
451426,0
451428,0
451429,0
451430,0
451432,0
451433,0
451434,0
451436,0
451437,0
451438,0
451440,0
451441,0
451442,0
451444,0
451445,0
451446,0
451448,0
451449,0
451451,0
451452,0
451453,0
451456,0
451457,0
451458,0
451460,0
451461,0
451462,0
451464,0
451465,0
451466,0
451468,0
451469,0
451470,0
451472,0
451473,0
451474,0
451476,0
451477,0
451478,0
451480,0
451481,0
451482,0
451484,0
451485,0
451486,0
451488,0
451489,0
451490,0
451492,0
451493,0
451495,0
451496,0
451497,0
451500,0
451501,0
451502,0
451504,0
451505,0
451506,0
451508,0
451509,0
451510,0
451512,0
451513,0
451514,0
451516,0
451517,0
451518,0
451520,0
451521,0
451522,0
451524,0
451525,0
451526,0
451528,0
451529,0
451530,0
451532,0
451533,0
451535,0
451536,0
451537,0
451539,0
451540,0
451542,0
451544,0
451545,0
451546,0
451548,0
451549,0
451550,0
451552,0
451553,0
451554,0
451556,0
451557,0
451558,0
451560,0
451561,0
451562,0
451564,0
451565,0
451566,0
451568,0
451569,0
451570,0
451572,0
451573,0
451574,0
451576,0
451577,0
451579,0
451580,0
451581,0
451584,0
451585,0
451586,0
451588,0
451589,0
451590,0
451592,0
451593,0
451594,0
451596,0
451597,0
451598,0
451600,0
451601,0
451602,0
451604,0
451605,0
451606,0
451608,0
451609,0
451610,0
451612,0
451613,0
451614,0
451616,0
451617,0
451619,0
451620,0
451621,1
451623,1
451624,1
451625,1
451628,1
451629,1
451630,1
451632,1
451633,1
451634,1
451636,1
451637,1
451638,1
451640,1
451641,1
451642,1
451644,1
451645,1
451646,1
451648,1
451649,1
451650,1
451652,1
451653,1
451654,1
451656,1
451657,1
451658,1
451660,1
451661,1
451663,1
451664,1
451665,1
451667,1
451668,1
451670,1
451672,1
451673,1
451674,1
451676,1
451677,1
451678,1
451680,1
451681,1
451682,1
451684,1
451685,1
451686,1
451688,1
451689,1
451690,1
451692,1
451693,1
451694,1
451696,1
451697,1
451698,1
451700,1
451701,1
451703,1
451704,1
451705,1
451707,1
451708,1
451709,1
451712,1
451713,1
451714,1
451716,1
451717,1
451718,1
451720,1
451721,1
451722,1
451724,1
451725,1
451726,1
451728,1
451729,1
451730,1
451732,1
451733,1
451734,1
451736,1
451737,1
451738,1
451740,1
451741,1
451742,1
451744,1
451745,1
451747,1
451748,1
451749,1
451751,1
451752,1
451753,1
451756,1
451757,1
451758,1
451760,1
451761,1
451762,1
451764,1
451765,1
451766,1
451768,1
451769,1
451770,1
451772,1
451773,1
451774,1
451776,1
451777,1
451778,1
451780,1
451781,1
451782,1
451784,1
451785,1
451786,1
451788,1
451789,1
451791,1
451792,1
451793,1
451795,1
451796,1
451798,1
451800,1
451801,1
451802,1
451804,1
451805,1
451806,1
451808,1
451809,1
451810,1
451812,1
451813,1
451814,1
451816,1
451817,1
451818,1
451820,1
451821,1
451822,1
451824,1
451825,1
451826,1
451828,1
451829,1
451831,1
451832,1
451833,1
451835,1
451836,1
451837,1
451840,1
451841,1
451842,1
451844,1
451845,1
451846,1
451848,1
451849,1
451850,1
451852,1
451853,1
451854,1
451856,1
451857,1
451858,1
451860,1
451861,1
451862,1
451864,1
451865,1
451866,1
451868,1
451869,1
451870,1
451872,1
451873,1
451874,1
451876,1
451877,1
451879,1
451880,1
451881,1
451884,1
451885,1
451886,1
451888,1
451889,1
451890,1
451892,1
451893,1
451894,1
451896,1
451897,1
451898,0
451900,0
451901,0
451902,0
451904,0
451905,0
451906,0
451908,0
451909,0
451910,0
451912,0
451913,0
451914,0
451916,0
451917,0
451919,0
451920,0
451921,0
451923,0
451924,0
451926,0
451928,0
451929,0
451930,0
451932,0
451933,0
451934,0
451936,0
451937,0
451938,0
451940,0
451941,0
451942,0
451944,0
451945,0
451946,0
451948,0
451949,0
451950,0
451952,0
451953,0
451954,0
451956,0
451957,0
451958,0
451960,0
451961,0
451963,0
451964,0
451965,0
451968,0
451969,0
451970,0
451972,0
451973,0
451974,0
451976,0
451977,0
451978,0
451980,0
451981,0
451982,0
451984,0
451985,0
451986,0
451988,0
451989,0
451990,0
451992,0
451993,0
451994,0
451996,0
451997,0
451998,0
452000,0
452001,0
452002,0
452004,0
452005,0
452007,0
452008,0
452009,0
452012,0
452013,0
452014,0
452016,0
452017,0
452018,0
452020,0
452021,0
452022,0
452024,0
452025,0
452026,0
452028,0
452029,0
452030,0
452032,0
452033,0
452034,0
452036,0
452037,0
452038,0
452040,0
452041,0
452042,0
452044,0
452045,0
452046,0
452048,0
452049,0
452050,0
452052,0
452054,0
452056,0
452057,0
452058,0
452060,0
452061,0
452062,0
452064,0
452065,0
452066,0
452068,0
452069,0
452070,0
452072,0
452073,0
452074,0
452076,0
452077,0
452078,0
452080,0
452081,0
452082,0
452084,0
452085,0
452086,0
452088,0
452089,0
452090,0
452092,0
452093,0
452094,0
452097,0
452098,0
452100,0
452101,0
452102,0
452104,0
452105,0
452106,0
452108,0
452109,0
452110,0
452112,0
452113,0
452114,0
452116,0
452117,0
452118,0
452120,0
452121,0
452122,0
452124,0
452125,0
452126,0
452128,0
452129,0
452130,0
452132,0
452133,0
452134,0
452136,0
452137,0
452139,0
452141,0
452142,0
452144,0
452145,0
452146,0
452148,0
452149,0
452150,0
452152,0
452153,0
452154,0
452156,0
452157,0
452158,0
452160,0
452161,0
452162,0
452164,0
452165,0
452166,0
452168,0
452169,0
452170,0
452172,0
452173,0
452174,0
452176,0
452177,0
452178,0
452180,0
452182,0
452183,0
452185,0
452186,0
452188,0
452189,0
452190,0
452192,0
452193,0
452194,0
452196,0
452197,1
452198,1
452200,1
452201,1
452202,1
452204,1
452205,1
452206,1
452208,1
452209,1
452210,1
452212,1
452213,1
452214,1
452216,1
452217,1
452218,1
452220,1
452221,1
452222,1
452225,1
452226,1
452228,1
452229,1
452230,1
452232,1
452233,1
452234,1
452236,1
452237,1
452238,1
452240,1
452241,1
452242,1
452244,1
452245,1
452246,1
452248,1
452249,1
452250,1
452252,1
452253,1
452254,1
452256,1
452257,1
452258,1
452260,1
452261,1
452262,1
452264,1
452265,1
452267,1
452269,1
452270,1
452272,1
452273,1
452274,1
452276,1
452277,1
452278,1
452280,1
452281,1
452282,1
452284,1
452285,1
452286,1
452288,1
452289,1
452290,1
452292,1
452293,1
452294,1
452296,1
452297,1
452298,1
452300,1
452301,1
452302,1
452304,1
452305,1
452306,1
452308,1
452310,1
452312,1
452313,1
452314,1
452316,1
452317,1
452318,1
452320,1
452321,1
452322,1
452324,1
452325,1
452326,1
452328,1
452329,1
452330,1
452332,1
452333,1
452334,1
452336,1
452337,1
452338,1
452340,1
452341,1
452342,1
452344,1
452345,1
452346,1
452348,1
452349,1
452350,1
452353,1
452354,1
452356,1
452357,1
452358,1
452360,1
452361,1
452362,1
452364,1
452365,1
452366,1
452368,1
452369,1
452370,1
452372,1
452373,1
452374,1
452376,1
452377,1
452378,1
452380,1
452381,1
452382,1
452384,1
452385,1
452386,1
452388,1
452389,1
452390,1
452392,1
452393,1
452396,1
452397,1
452398,1
452400,1
452401,1
452402,1
452404,1
452405,1
452406,1
452408,1
452409,1
452410,1
452412,1
452413,1
452414,1
452416,1
452417,1
452418,1
452420,1
452421,1
452422,0
452424,0
452425,0
452426,0
452428,0
452429,0
452430,0
452432,0
452433,0
452434,0
452436,0
452438,0
452440,0
452441,0
452442,0
452444,0
452445,0
452446,0
452448,0
452449,0
452450,0
452452,0
452453,0
452454,0
452456,0
452457,0
452458,0
452460,0
452461,0
452462,0
452464,0
452465,0
452466,0
452468,0
452469,0
452470,0
452472,0
452473,0
452474,0
452476,0
452477,0
452478,0
452481,0
452482,0
452484,0
452485,0
452486,0
452488,0
452489,0
452490,0
452492,0
452493,0
452494,0
452496,0
452497,0
452498,0
452500,0
452501,0
452502,0
452504,0
452505,0
452506,0
452508,0
452509,0
452510,0
452512,0
452513,0
452514,0
452516,0
452517,0
452518,0
452520,0
452521,0
452523,0
452525,0
452526,0
452527,0
452529,0
452530,0
452532,0
452533,0
452534,0
452536,0
452537,0
452538,0
452540,0
452541,0
452542,0
452544,0
452545,0
452546,0
452548,0
452549,0
452550,0
452552,0
452553,0
452554,0
452556,0
452557,0
452558,0
452560,0
452561,0
452562,0
452564,0
452566,0
452567,0
452569,0
452570,0
452571,0
452573,0
452574,0
452576,0
452577,0
452578,0
452580,0
452581,0
452582,0
452584,0
452585,0
452586,0
452588,0
452589,0
452590,0
452592,0
452593,0
452594,0
452596,0
452597,0
452598,0
452600,0
452601,0
452602,0
452604,0
452605,0
452606,0
452609,0
452610,0
452611,0
452613,0
452614,0
452616,0
452617,0
452618,0
452620,0
452621,0
452622,0
452624,0
452625,0
452626,0
452628,0
452629,0
452630,0
452632,1
452633,1
452634,1
452636,1
452637,1
452638,1
452640,1
452641,1
452642,1
452644,1
452645,1
452646,1
452648,1
452649,1
452651,1
452653,1
452654,1
452655,1
452657,1
452658,1
452660,1
452661,1
452662,1
452664,1
452665,1
452666,1
452668,1
452669,1
452670,1
452672,1
452673,1
452674,1
452676,1
452677,1
452678,1
452680,1
452681,1
452682,1
452684,1
452685,1
452686,1
452688,1
452689,1
452690,1
452692,1
452694,1
452695,1
452697,1
452698,1
452699,1
452701,1
452702,1
452704,1
452705,1
452706,1
452708,1
452709,1
452710,1
452712,1
452713,1
452714,1
452716,1
452717,1
452718,1
452720,1
452721,1
452722,1
452724,1
452725,1
452726,1
452728,1
452729,1
452730,1
452732,1
452733,1
452734,1
452737,1
452738,1
452739,1
452741,1
452742,1
452744,1
452745,1
452746,1
452748,1
452749,1
452750,1
452752,1
452753,1
452754,1
452756,1
452757,1
452758,1
452760,1
452761,1
452762,1
452764,1
452765,1
452766,1
452768,1
452769,1
452770,1
452772,1
452773,1
452774,1
452776,1
452777,1
452779,1
452781,1
452782,1
452783,1
452785,1
452786,1
452788,1
452789,1
452790,1
452792,1
452793,1
452794,1
452796,1
452797,1
452798,1
452800,1
452801,1
452802,1
452804,1
452805,1
452806,1
452808,1
452809,1
452810,1
452812,1
452813,1
452814,1
452816,1
452817,1
452818,1
452820,1
452822,1
452823,1
452825,1
452826,1
452828,1
452829,1
452830,1
452832,1
452833,1
452834,1
452836,1
452837,1
452838,1
452840,1
452841,1
452842,1
452844,1
452845,1
452846,1
452848,1
452849,1
452850,1
452852,1
452853,1
452854,1
452856,1
452857,1
452858,1
452860,1
452861,1
452862,1
452865,1
452866,1
452867,1
452869,1
452870,1
452872,1
452873,1
452874,1
452876,1
452877,1
452878,1
452880,1
452881,1
452882,1
452884,1
452885,1
452886,1
452888,1
452889,1
452890,1
452892,1
452893,1
452894,1
452896,1
452897,1
452898,1
452900,1
452901,1
452902,1
452904,1
452905,1
452907,1
452909,1
452910,1
452912,1
452913,1
452914,1
452916,1
452917,1
452918,1
452920,1
452921,1
452922,1
452924,1
452925,0
452926,0
452928,0
452929,0
452930,0
452932,0
452933,0
452934,0
452936,0
452937,0
452938,0
452940,0
452941,0
452942,0
452944,0
452945,0
452946,0
452948,0
452950,0
452951,0
452953,0
452954,0
452956,0
452957,0
452958,0
452960,0
452961,0
452962,0
452964,0
452965,0
452966,0
452968,0
452969,0
452970,0
452972,0
452973,0
452974,0
452976,0
452977,0
452978,0
452980,0
452981,0
452982,0
452984,0
452985,0
452986,0
452988,0
452989,0
452990,0
452993,0
452994,0
452995,0
452997,0
452998,0
453000,0
453001,0
453002,0
453004,0
453005,0
453006,0
453008,0
453009,0
453010,0
453012,0
453013,0
453014,0
453016,0
453017,0
453018,0
453020,0
453021,0
453022,0
453024,0
453025,0
453026,0
453028,0
453029,0
453030,0
453032,0
453033,0
453035,0
453037,0
453038,0
453040,0
453041,0
453042,0
453044,0
453045,0
453046,0
453048,0
453049,0
453050,0
453052,0
453053,0
453054,0
453056,0
453057,0
453058,0
453060,0
453061,0
453062,0
453064,0
453065,0
453066,0
453068,0
453069,0
453070,0
453072,0
453073,0
453074,0
453076,0
453078,0
453079,0
453081,0
453082,0
453084,0
453085,0
453086,0
453088,0
453089,0
453090,0
453092,0
453093,0
453094,0
453096,0
453097,0
453098,0
453100,0
453101,0
453102,0
453104,0
453105,0
453106,0
453108,0
453109,0
453110,0
453112,0
453113,0
453114,0
453116,0
453117,0
453118,0
453121,0
453122,0
453124,0
453125,0
453126,0
453128,0
453129,0
453130,0
453132,0
453133,0
453134,0
453136,0
453137,0
453138,0
453140,0
453141,0
453142,0
453144,0
453145,0
453146,0
453148,0
453149,0
453150,0
453152,0
453153,0
453154,0
453156,0
453157,0
453158,0
453160,0
453161,0
453163,0
453165,0
453166,0
453168,0
453169,0
453170,0
453172,0
453173,0
453174,0
453176,0
453177,0
453178,0
453180,0
453181,0
453182,0
453184,0
453185,0
453186,0
453188,0
453189,0
453190,0
453192,0
453193,0
453194,0
453196,0
453197,0
453198,0
453200,0
453201,0
453202,0
453204,0
453206,0
453207,0
453209,0
453210,0
453212,0
453213,0
453214,0
453216,0
453217,0
453218,0
453220,0
453221,0
453222,0
453224,0
453225,0
453226,0
453228,0
453229,0
453230,0
453232,0
453233,0
453234,0
453236,0
453237,0
453238,0
453240,0
453241,0
453242,0
453244,0
453245,0
453246,0
453249,0
453250,0
453251,0
453253,0
453254,0
453256,0
453257,0
453258,0
453260,0
453261,0
453262,0
453264,0
453265,0
453266,0
453268,0
453269,0
453270,0
453272,1
453273,1
453274,1
453276,1
453277,1
453278,1
453280,1
453281,1
453282,1
453284,1
453285,1
453286,1
453288,1
453289,1
453291,1
453293,1
453294,1
453296,1
453297,1
453298,1
453300,1
453301,1
453302,1
453304,1
453305,1
453306,1
453308,1
453309,1
453310,1
453312,1
453313,1
453314,1
453316,1
453317,1
453318,1
453320,1
453321,1
453322,1
453324,1
453325,1
453326,1
453328,1
453329,1
453330,1
453332,1
453334,1
453335,1
453337,1
453338,1
453340,1
453341,1
453342,1
453344,1
453345,1
453346,1
453348,1
453349,1
453350,1
453352,1
453353,1
453354,1
453356,1
453357,1
453358,1
453360,1
453361,1
453362,1
453364,1
453365,1
453366,1
453368,1
453369,1
453370,1
453372,1
453373,1
453374,1
453377,1
453378,1
453380,1
453381,1
453382,1
453384,1
453385,1
453386,1
453388,1
453389,1
453390,1
453392,1
453393,1
453394,1
453396,1
453397,1
453398,1
453400,1
453401,1
453402,1
453404,1
453405,1
453406,1
453408,1
453409,1
453410,1
453412,1
453413,1
453414,1
453416,1
453417,1
453419,1
453421,1
453422,1
453424,1
453425,1
453426,1
453428,1
453429,1
453430,1
453432,1
453433,1
453434,1
453436,1
453437,1
453438,1
453440,1
453441,1
453442,1
453444,1
453445,1
453446,1
453448,1
453449,1
453450,1
453452,1
453453,1
453454,1
453456,1
453457,1
453458,1
453460,1
453462,1
453463,1
453465,1
453466,1
453468,1
453469,1
453470,1
453472,1
453473,1
453474,1
453476,1
453477,1
453478,1
453480,1
453481,1
453482,1
453484,1
453485,1
453486,1
453488,1
453489,1
453490,1
453492,1
453493,1
453494,1
453496,1
453497,1
453498,1
453500,1
453501,1
453502,0
453505,0
453506,0
453508,0
453509,0
453510,0
453512,0
453513,0
453514,0
453516,0
453517,0
453518,0
453520,0
453521,0
453522,0
453524,0
453525,0
453526,0
453528,0
453529,0
453530,0
453532,0
453533,0
453534,0
453536,0
453537,0
453538,0
453540,0
453541,0
453542,0
453544,0
453545,0
453547,0
453549,0
453550,0
453552,0
453553,0
453554,0
453556,0
453557,0
453558,0
453560,0
453561,0
453562,0
453564,0
453565,0
453566,0
453568,0
453569,0
453570,0
453572,0
453573,0
453574,0
453576,0
453577,0
453578,0
453580,0
453581,0
453582,0
453584,0
453585,0
453586,0
453588,0
453590,0
453591,0
453593,0
453594,0
453596,0
453597,0
453598,0
453600,0
453601,0
453602,0
453604,0
453605,0
453606,0
453608,0
453609,0
453610,0
453612,0
453613,0
453614,0
453616,0
453617,0
453618,0
453620,0
453621,0
453622,0
453624,0
453625,0
453626,0
453628,0
453629,0
453630,0
453633,0
453634,0
453636,0
453637,0
453638,0
453640,0
453641,0
453642,0
453644,0
453645,0
453646,0
453648,0
453649,0
453650,0
453652,0
453653,0
453654,0
453656,0
453657,0
453658,0
453660,0
453661,0
453662,0
453664,0
453665,0
453666,0
453668,0
453669,0
453670,0
453672,0
453673,0
453675,0
453677,0
453678,0
453680,0
453681,0
453682,0
453684,0
453685,0
453686,0
453688,0
453689,0
453690,0
453692,0
453693,0
453694,0
453696,0
453697,0
453698,0
453700,0
453701,0
453702,0
453704,0
453705,0
453706,0
453708,0
453709,0
453710,1
453712,1
453713,1
453714,1
453716,1
453718,1
453720,1
453721,1
453722,1
453724,1
453725,1
453726,1
453728,1
453729,1
453730,1
453732,1
453733,1
453734,1
453736,1
453737,1
453738,1
453740,1
453741,1
453742,1
453744,1
453745,1
453746,1
453748,1
453749,1
453750,1
453752,1
453753,1
453754,1
453756,1
453757,1
453758,1
453761,1
453762,1
453764,1
453765,1
453766,1
453768,1
453769,1
453770,1
453772,1
453773,1
453774,1
453776,1
453777,1
453778,1
453780,1
453781,1
453782,1
453784,1
453785,1
453786,1
453788,1
453789,1
453790,1
453792,1
453793,1
453794,1
453796,1
453797,1
453798,1
453800,1
453801,1
453804,1
453805,1
453806,1
453808,1
453809,1
453810,1
453812,1
453813,1
453814,1
453816,1
453817,1
453818,1
453820,1
453821,1
453822,1
453824,1
453825,1
453826,1
453828,1
453829,1
453830,1
453832,1
453833,1
453834,1
453836,1
453837,1
453838,1
453840,1
453841,1
453842,1
453844,1
453846,1
453848,1
453849,1
453850,1
453852,1
453853,1
453854,1
453856,1
453857,1
453858,1
453860,1
453861,1
453862,1
453864,1
453865,1
453866,1
453868,1
453869,1
453870,1
453872,1
453873,1
453874,1
453876,1
453877,1
453878,1
453880,1
453881,1
453882,1
453884,1
453885,1
453886,1
453889,1
453890,1
453892,1
453893,1
453894,1
453896,1
453897,1
453898,1
453900,1
453901,1
453902,1
453904,1
453905,1
453906,1
453908,1
453909,1
453910,1
453912,1
453913,1
453914,1
453916,1
453917,1
453918,1
453920,1
453921,1
453922,1
453924,1
453925,1
453926,1
453928,1
453929,1
453932,1
453933,1
453934,1
453936,1
453937,1
453938,1
453940,1
453941,1
453942,1
453944,1
453945,1
453946,1
453948,1
453949,1
453950,1
453952,1
453953,1
453954,1
453956,1
453957,1
453958,1
453960,1
453961,1
453962,1
453964,1
453965,1
453966,1
453968,1
453969,1
453970,1
453972,1
453974,1
453976,1
453977,1
453978,1
453980,1
453981,1
453982,1
453984,1
453985,1
453986,1
453988,1
453989,1
453990,1
453992,1
453993,1
453994,1
453996,1
453997,1
453998,1
454000,1
454001,1
454002,1
454004,0
454005,0
454006,0
454008,0
454009,0
454010,0
454012,0
454013,0
454014,0
454017,0
454018,0
454020,0
454021,0
454022,0
454024,0
454025,0
454026,0
454028,0
454029,0
454030,0
454032,0
454033,0
454034,0
454036,0
454037,0
454038,0
454040,0
454041,0
454042,0
454044,0
454045,0
454046,0
454048,0
454049,0
454050,0
454052,0
454053,0
454054,0
454056,0
454057,0
454059,0
454061,0
454062,0
454064,0
454065,0
454066,0
454068,0
454069,0
454070,0
454072,0
454073,0
454074,0
454076,0
454077,0
454078,0
454080,0
454081,0
454082,0
454084,0
454085,0
454086,0
454088,0
454089,0
454090,0
454092,0
454093,0
454094,0
454096,0
454097,0
454098,0
454100,0
454102,0
454104,0
454105,0
454106,0
454108,0
454109,0
454110,0
454112,0
454113,0
454114,0
454116,0
454117,0
454118,0
454120,0
454121,0
454122,0
454124,0
454125,0
454126,0
454128,0
454129,0
454130,0
454132,0
454133,0
454134,0
454136,0
454137,0
454138,0
454140,0
454141,0
454144,0
454145,0
454146,0
454148,0
454149,0
454150,0
454152,0
454153,0
454154,0
454156,0
454157,0
454158,0
454160,0
454161,0
454162,0
454164,0
454165,0
454166,0
454168,0
454169,0
454170,0
454172,0
454173,0
454174,0
454176,0
454177,0
454178,0
454180,0
454181,0
454182,0
454184,0
454185,0
454188,0
454189,0
454190,0
454192,0
454193,0
454194,0
454196,0
454197,0
454198,0
454200,0
454201,0
454202,0
454204,0
454205,0
454206,0
454208,0
454209,0
454210,0
454212,0
454213,0
454214,0
454216,0
454217,0
454218,0
454220,0
454221,0
454222,0
454224,0
454225,0
454226,0
454228,0
454230,0
454232,0
454233,0
454234,0
454236,0
454237,0
454238,0
454240,0
454241,0
454242,0
454244,0
454245,0
454246,0
454248,0
454249,0
454250,0
454252,0
454253,0
454254,0
454256,0
454257,0
454258,0
454260,0
454261,0
454262,0
454264,0
454265,0
454266,0
454268,0
454269,0
454272,0
454273,0
454274,0
454276,0
454277,0
454278,0
454280,0
454281,0
454282,0
454284,0
454285,0
454286,0
454288,0
454289,0
454290,0
454292,0
454293,0
454294,0
454296,0
454297,0
454298,0
454300,0
454301,0
454302,0
454304,0
454305,0
454306,0
454308,0
454309,0
454310,0
454312,0
454313,0
454316,0
454317,0
454318,0
454320,0
454321,0
454322,0
454324,0
454325,0
454326,0
454328,0
454329,0
454330,0
454332,0
454333,0
454334,0
454336,0
454337,0
454338,0
454340,0
454341,0
454342,0
454344,0
454345,0
454346,0
454348,0
454349,0
454350,0
454352,0
454353,0
454354,0
454356,0
454358,0
454360,0
454361,0
454362,0
454364,0
454365,0
454366,0
454368,0
454369,0
454370,0
454372,0
454373,0
454374,0
454376,0
454377,1
454378,1
454380,1
454381,1
454382,1
454384,1
454385,1
454386,1
454388,1
454389,1
454390,1
454392,1
454393,1
454395,1
454396,1
454397,1
454400,1
454401,1
454402,1
454404,1
454405,1
454406,1
454408,1
454409,1
454410,1
454412,1
454413,1
454414,1
454416,1
454417,1
454418,1
454420,1
454421,1
454422,1
454424,1
454425,1
454426,1
454428,1
454429,1
454430,1
454432,1
454433,1
454434,1
454436,1
454437,1
454438,1
454440,1
454441,1
454444,1
454445,1
454446,1
454448,1
454449,1
454450,1
454452,1
454453,1
454454,1
454456,1
454457,1
454458,1
454460,1
454461,1
454462,1
454464,1
454465,1
454466,1
454468,1
454469,1
454470,1
454472,1
454473,1
454474,1
454476,1
454477,1
454478,1
454480,1
454481,1
454482,1
454484,1
454486,1
454488,1
454489,1
454490,1
454492,1
454493,1
454494,1
454496,1
454497,1
454498,1
454500,1
454501,1
454502,1
454504,1
454505,1
454506,1
454508,1
454509,1
454510,1
454512,1
454513,1
454514,1
454516,1
454517,1
454518,1
454520,1
454521,1
454522,1
454524,1
454525,1
454526,1
454529,1
454530,1
454532,1
454533,1
454534,1
454536,1
454537,1
454538,1
454540,1
454541,1
454542,1
454544,1
454545,1
454546,1
454548,1
454549,1
454550,1
454552,1
454553,1
454554,1
454556,1
454557,1
454558,1
454560,1
454561,1
454562,1
454564,1
454565,1
454566,1
454568,1
454569,1
454571,1
454573,1
454574,1
454576,1
454577,1
454578,1
454580,1
454581,1
454582,1
454584,1
454585,1
454586,1
454588,1
454589,1
454590,1
454592,1
454593,1
454594,1
454596,1
454597,1
454598,1
454600,1
454601,1
454602,1
454604,1
454605,1
454606,1
454608,1
454609,0
454610,0
454612,0
454614,0
454616,0
454617,0
454618,0
454620,0
454621,0
454622,0
454624,0
454625,0
454626,0
454628,0
454629,0
454630,0
454632,0
454633,0
454634,0
454636,0
454637,0
454638,0
454640,0
454641,0
454642,0
454644,0
454645,0
454646,0
454648,0
454649,0
454650,0
454652,0
454653,0
454656,0
454657,0
454658,0
454660,0
454661,0
454662,0
454664,0
454665,0
454666,0
454668,0
454669,0
454670,0
454672,0
454673,0
454674,0
454676,0
454677,0
454678,0
454680,0
454681,0
454682,0
454684,0
454685,0
454686,0
454688,0
454689,0
454690,0
454692,0
454693,0
454694,0
454696,0
454697,0
454700,0
454701,0
454702,0
454704,0
454705,0
454706,0
454708,0
454709,0
454710,0
454712,0
454713,0
454714,0
454716,0
454717,0
454718,0
454720,0
454721,0
454722,0
454724,0
454725,0
454726,0
454728,0
454729,0
454730,0
454732,0
454733,0
454734,0
454736,0
454737,0
454738,0
454740,0
454742,0
454744,0
454745,0
454746,0
454748,0
454749,0
454750,0
454752,0
454753,0
454754,0
454756,0
454757,0
454758,0
454760,0
454761,0
454762,0
454764,0
454765,0
454766,0
454768,0
454769,0
454770,0
454772,0
454773,0
454774,0
454776,0
454777,0
454778,0
454780,0
454781,0
454782,0
454785,0
454786,0
454788,0
454789,0
454790,0
454792,0
454793,0
454794,0
454796,0
454797,0
454798,0
454800,0
454801,0
454802,0
454804,0
454805,0
454806,0
454808,0
454809,0
454810,0
454812,0
454813,0
454814,0
454816,1
454817,1
454818,1
454820,1
454821,1
454822,1
454824,1
454825,1
454828,1
454829,1
454830,1
454832,1
454833,1
454834,1
454836,1
454837,1
454838,1
454840,1
454841,1
454842,1
454844,1
454845,1
454846,1
454848,1
454849,1
454850,1
454852,1
454853,1
454854,1
454856,1
454857,1
454858,1
454860,1
454861,1
454862,1
454864,1
454865,1
454866,1
454868,1
454870,1
454872,1
454873,1
454874,1
454876,1
454877,1
454878,1
454880,1
454881,1
454882,1
454884,1
454885,1
454886,1
454888,1
454889,1
454890,1
454892,1
454893,1
454894,1
454896,1
454897,1
454898,1
454900,1
454901,1
454902,1
454904,1
454905,1
454906,1
454908,1
454909,1
454912,1
454913,1
454914,1
454916,1
454917,1
454918,1
454920,1
454921,1
454922,1
454924,1
454925,1
454926,1
454928,1
454929,1
454930,1
454932,1
454933,1
454934,1
454936,1
454937,1
454938,1
454940,1
454941,1
454942,1
454944,1
454945,1
454946,1
454948,1
454949,1
454950,1
454952,1
454953,1
454956,1
454957,1
454958,1
454960,1
454961,1
454962,1
454964,1
454965,1
454966,1
454968,1
454969,1
454970,1
454972,1
454973,1
454974,1
454976,1
454977,1
454978,1
454980,1
454981,1
454982,1
454984,1
454985,1
454986,1
454988,1
454989,1
454990,1
454992,1
454993,1
454994,1
454996,1
454998,1
455000,1
455001,1
455002,1
455004,1
455005,1
455006,1
455008,1
455009,1
455010,1
455012,1
455013,1
455014,1
455016,1
455017,1
455018,1
455020,1
455021,1
455022,1
455024,1
455025,1
455026,1
455028,1
455029,1
455030,1
455032,1
455033,1
455034,1
455036,1
455037,1
455038,1
455041,1
455042,1
455044,1
455045,1
455046,1
455048,1
455049,1
455050,1
455052,1
455053,1
455054,1
455056,1
455057,1
455058,1
455060,1
455061,1
455062,1
455064,1
455065,1
455066,1
455068,1
455069,1
455070,1
455072,1
455073,1
455074,1
455076,1
455077,1
455078,1
455080,1
455081,1
455083,1
455085,1
455086,1
455088,1
455089,1
455090,1
455092,1
455093,1
455094,1
455096,1
455097,1
455098,1
455100,1
455101,1
455102,1
455104,1
455105,1
455106,1
455108,0
455109,0
455110,0
455112,0
455113,0
455114,0
455116,0
455117,0
455118,0
455120,0
455121,0
455122,0
455124,0
455126,0
455128,0
455129,0
455130,0
455132,0
455133,0
455134,0
455136,0
455137,0
455138,0
455140,0
455141,0
455142,0
455144,0
455145,0
455146,0
455148,0
455149,0
455150,0
455152,0
455153,0
455154,0
455156,0
455157,0
455158,0
455160,0
455161,0
455162,0
455164,0
455165,0
455166,0
455169,0
455170,0
455172,0
455173,0
455174,0
455176,0
455177,0
455178,0
455180,0
455181,0
455182,0
455184,0
455185,0
455186,0
455188,0
455189,0
455190,0
455192,0
455193,0
455194,0
455196,0
455197,0
455198,0
455200,0
455201,0
455202,0
455204,0
455205,0
455206,0
455208,0
455209,0
455211,0
455213,0
455214,0
455216,0
455217,0
455218,0
455220,0
455221,0
455222,0
455224,0
455225,0
455226,0
455228,0
455229,0
455230,0
455232,0
455233,0
455234,0
455236,0
455237,0
455238,0
455240,0
455241,0
455242,0
455244,0
455245,0
455246,0
455248,0
455249,0
455250,0
455252,0
455254,0
455255,0
455257,0
455258,0
455260,0
455261,0
455262,0
455264,0
455265,0
455266,0
455268,0
455269,0
455270,0
455272,0
455273,0
455274,0
455276,0
455277,0
455278,0
455280,0
455281,0
455282,0
455284,0
455285,0
455286,0
455288,0
455289,0
455290,0
455292,0
455293,0
455294,0
455297,0
455298,0
455300,0
455301,0
455302,0
455304,0
455305,0
455306,0
455308,0
455309,0
455310,0
455312,0
455313,0
455314,0
455316,0
455317,0
455318,0
455320,0
455321,0
455322,0
455324,0
455325,0
455326,0
455328,0
455329,0
455330,0
455332,0
455333,0
455334,0
455336,0
455337,0
455340,0
455341,0
455342,0
455344,0
455345,0
455346,0
455348,0
455349,0
455350,0
455352,0
455353,0
455354,0
455356,0
455357,0
455358,0
455360,0
455361,0
455362,0
455364,0
455365,0
455366,0
455368,0
455369,0
455370,0
455372,0
455373,0
455374,0
455376,0
455377,0
455378,0
455380,0
455382,0
455384,0
455385,0
455386,0
455388,0
455389,0
455390,0
455392,0
455393,0
455394,0
455396,0
455397,0
455398,0
455400,0
455401,0
455402,0
455404,0
455405,0
455406,0
455408,0
455409,0
455410,0
455412,0
455413,0
455414,0
455416,0
455417,0
455418,0
455420,0
455421,0
455422,0
455425,0
455426,0
455428,0
455429,0
455430,0
455432,0
455433,0
455434,0
455436,0
455437,0
455438,0
455440,0
455441,0
455442,0
455444,0
455445,0
455446,0
455448,0
455449,0
455450,0
455452,1
455453,1
455454,1
455456,1
455457,1
455458,1
455460,1
455461,1
455462,1
455464,1
455465,1
455468,1
455469,1
455470,1
455472,1
455473,1
455474,1
455476,1
455477,1
455478,1
455480,1
455481,1
455482,1
455484,1
455485,1
455486,1
455488,1
455489,1
455490,1
455492,1
455493,1
455494,1
455496,1
455497,1
455498,1
455500,1
455501,1
455502,1
455504,1
455505,1
455506,1
455508,1
455510,1
455512,1
455513,1
455514,1
455516,1
455517,1
455518,1
455520,1
455521,1
455522,1
455524,1
455525,1
455526,1
455528,1
455529,1
455530,1
455532,1
455533,1
455534,1
455536,1
455537,1
455538,1
455540,1
455541,1
455542,1
455544,1
455545,1
455546,1
455548,1
455549,1
455552,1
455553,1
455554,1
455556,1
455557,1
455558,1
455560,1
455561,1
455562,1
455564,1
455565,1
455566,1
455568,1
455569,1
455570,1
455572,1
455573,1
455574,1
455576,1
455577,1
455578,1
455580,1
455581,1
455582,1
455584,1
455585,1
455586,1
455588,1
455589,1
455591,1
455592,1
455593,1
455596,1
455597,1
455598,1
455600,1
455601,1
455602,1
455604,1
455605,1
455606,1
455608,1
455609,1
455610,1
455612,1
455613,1
455614,1
455616,1
455617,1
455618,1
455620,1
455621,1
455622,1
455624,1
455625,1
455626,1
455628,1
455629,1
455630,1
455632,1
455633,1
455635,1
455636,1
455638,1
455640,1
455641,1
455642,1
455644,1
455645,1
455646,1
455648,1
455649,1
455650,1
455652,1
455653,1
455654,1
455656,1
455657,1
455658,1
455660,1
455661,1
455662,1
455664,1
455665,1
455666,1
455668,1
455669,1
455670,1
455672,1
455673,1
455674,1
455676,1
455677,1
455680,1
455681,1
455682,1
455684,0
455685,0
455686,0
455688,0
455689,0
455690,0
455692,0
455693,0
455694,0
455696,0
455697,0
455698,0
455700,0
455701,0
455702,0
455704,0
455705,0
455706,0
455708,0
455709,0
455710,0
455712,0
455713,0
455714,0
455716,0
455717,0
455718,0
455720,0
455721,0
455723,0
455725,0
455726,0
455728,0
455729,0
455730,0
455732,0
455733,0
455734,0
455736,0
455737,0
455738,0
455740,0
455741,0
455742,0
455744,0
455745,0
455746,0
455748,0
455749,0
455750,0
455752,0
455753,0
455754,0
455756,0
455757,0
455758,0
455760,0
455761,0
455762,0
455764,0
455766,0
455768,0
455769,0
455770,0
455772,0
455773,0
455774,0
455776,0
455777,0
455778,0
455780,0
455781,0
455782,0
455784,0
455785,0
455786,0
455788,0
455789,0
455790,0
455792,0
455793,0
455794,0
455796,0
455797,0
455798,0
455800,0
455801,0
455802,0
455804,0
455805,0
455806,0
455809,0
455810,0
455812,0
455813,0
455814,0
455816,0
455817,0
455818,0
455820,0
455821,0
455822,0
455824,0
455825,0
455826,0
455828,0
455829,0
455830,0
455832,0
455833,0
455834,0
455836,0
455837,0
455838,0
455840,0
455841,0
455842,0
455844,0
455845,0
455846,0
455848,0
455849,0
455852,0
455853,0
455854,0
455856,0
455857,0
455858,0
455860,0
455861,0
455862,0
455864,0
455865,0
455866,0
455868,0
455869,0
455870,0
455872,0
455873,0
455874,0
455876,0
455877,0
455878,0
455880,0
455881,0
455882,0
455884,0
455885,0
455886,0
455888,0
455889,0
455890,0
455892,1
455894,1
455896,1
455897,1
455898,1
455900,1
455901,1
455902,1
455904,1
455905,1
455906,1
455908,1
455909,1
455910,1
455912,1
455913,1
455914,1
455916,1
455917,1
455918,1
455920,1
455921,1
455922,1
455924,1
455925,1
455926,1
455928,1
455929,1
455930,1
455932,1
455933,1
455936,1
455937,1
455938,1
455940,1
455941,1
455942,1
455944,1
455945,1
455946,1
455948,1
455949,1
455950,1
455952,1
455953,1
455954,1
455956,1
455957,1
455958,1
455960,1
455961,1
455962,1
455964,1
455965,1
455966,1
455968,1
455969,1
455970,1
455972,1
455973,1
455974,1
455976,1
455977,1
455980,1
455981,1
455982,1
455984,1
455985,1
455986,1
455988,1
455989,1
455990,1
455992,1
455993,1
455994,1
455996,1
455997,1
455998,1
456000,1
456001,1
456002,1
456004,1
456005,1
456006,1
456008,1
456009,1
456010,1
456012,1
456013,1
456014,1
456016,1
456017,1
456019,1
456020,1
456022,1
456024,1
456025,1
456026,1
456028,1
456029,1
456030,1
456032,1
456033,1
456034,1
456036,1
456037,1
456038,1
456040,1
456041,1
456042,1
456044,1
456045,1
456046,1
456048,1
456049,1
456050,1
456052,1
456053,1
456054,1
456056,1
456057,1
456058,1
456060,1
456061,1
456062,1
456065,1
456066,1
456067,1
456069,1
456070,1
456072,1
456073,1
456074,1
456076,1
456077,1
456078,1
456080,1
456081,1
456082,1
456084,1
456085,1
456086,1
456088,1
456089,1
456090,1
456092,1
456093,1
456094,1
456096,1
456097,1
456098,1
456100,1
456101,1
456102,1
456104,1
456105,1
456107,1
456109,1
456110,1
456111,1
456113,1
456114,1
456116,1
456117,1
456118,1
456120,1
456121,1
456122,1
456124,1
456125,1
456126,1
456128,1
456129,1
456130,1
456132,1
456133,1
456134,1
456136,1
456137,1
456138,1
456140,1
456141,1
456142,1
456144,1
456145,1
456146,1
456148,1
456150,1
456151,1
456153,1
456154,1
456156,1
456157,1
456158,1
456160,1
456161,1
456162,1
456164,1
456165,1
456166,1
456168,1
456169,1
456170,1
456172,1
456173,1
456174,1
456176,1
456177,1
456178,1
456180,1
456181,1
456182,1
456184,1
456185,1
456186,1
456188,1
456189,1
456190,0
456193,0
456194,0
456195,0
456197,0
456198,0
456200,0
456201,0
456202,0
456204,0
456205,0
456206,0
456208,0
456209,0
456210,0
456212,0
456213,0
456214,0
456216,0
456217,0
456218,0
456220,0
456221,0
456222,0
456224,0
456225,0
456226,0
456228,0
456229,0
456230,0
456232,0
456233,0
456235,0
456237,0
456238,0
456240,0
456241,0
456242,0
456244,0
456245,0
456246,0
456248,0
456249,0
456250,0
456252,0
456253,0
456254,0
456256,0
456257,0
456258,0
456260,0
456261,0
456262,0
456264,0
456265,0
456266,0
456268,0
456269,0
456270,0
456272,0
456273,0
456274,0
456276,0
456278,0
456279,0
456281,0
456282,0
456284,0
456285,0
456286,0
456288,0
456289,0
456290,0
456292,0
456293,0
456294,0
456296,0
456297,0
456298,0
456300,0
456301,0
456302,0
456304,0
456305,0
456306,0
456308,0
456309,0
456310,0
456312,0
456313,0
456314,0
456316,0
456317,0
456318,0
456321,0
456322,0
456323,0
456325,0
456326,0
456328,0
456329,0
456330,0
456332,0
456333,0
456334,0
456336,0
456337,0
456338,0
456340,0
456341,0
456342,0
456344,0
456345,0
456346,0
456348,0
456349,0
456350,0
456352,0
456353,0
456354,0
456356,0
456357,0
456358,0
456360,0
456361,0
456363,0
456365,0
456366,0
456368,0
456369,0
456370,0
456372,0
456373,0
456374,0
456376,0
456377,0
456378,0
456380,0
456381,0
456382,0
456384,0
456385,0
456386,0
456388,0
456389,0
456390,0
456392,0
456393,0
456394,0
456396,0
456397,0
456398,0
456400,0
456401,0
456402,0
456404,0
456406,0
456407,0
456409,0
456410,0
456412,0
456413,0
456414,0
456416,0
456417,0
456418,0
456420,0
456421,0
456422,0
456424,0
456425,0
456426,0
456428,0
456429,0
456430,0
456432,0
456433,0
456434,0
456436,0
456437,0
456438,0
456440,0
456441,0
456442,0
456444,0
456445,0
456446,0
456449,0
456450,0
456452,0
456453,0
456454,0
456456,0
456457,0
456458,0
456460,0
456461,0
456462,0
456464,0
456465,0
456466,0
456468,0
456469,0
456470,0
456472,0
456473,0
456474,0
456476,0
456477,0
456478,0
456480,0
456481,0
456482,0
456484,0
456485,0
456486,0
456488,0
456489,0
456491,0
456493,0
456494,0
456496,0
456497,0
456498,0
456500,0
456501,0
456502,0
456504,0
456505,0
456506,0
456508,0
456509,0
456510,0
456512,0
456513,0
456514,0
456516,0
456517,0
456518,0
456520,0
456521,0
456522,0
456524,0
456525,0
456526,0
456528,0
456529,0
456530,0
456532,0
456534,0
456535,0
456537,0
456538,0
456540,0
456541,0
456542,0
456544,0
456545,0
456546,0
456548,0
456549,0
456550,0
456552,0
456553,0
456554,0
456556,0
456557,0
456558,0
456560,0
456561,0
456562,0
456564,0
456565,0
456566,0
456568,0
456569,0
456570,0
456572,0
456573,0
456574,0
456577,0
456578,0
456580,0
456581,0
456582,0
456584,0
456585,0
456586,0
456588,0
456589,0
456590,0
456592,0
456593,0
456594,0
456596,0
456597,0
456598,0
456600,0
456601,0
456602,0
456604,0
456605,0
456606,0
456608,0
456609,0
456610,0
456612,0
456613,0
456614,0
456616,0
456617,0
456619,0
456621,0
456622,0
456624,0
456625,0
456626,0
456628,0
456629,0
456630,1
456632,1
456633,1
456634,1
456636,1
456637,1
456638,1
456640,1
456641,1
456642,1
456644,1
456645,1
456646,1
456648,1
456649,1
456650,1
456652,1
456653,1
456654,1
456656,1
456657,1
456658,1
456660,1
456662,1
456663,1
456665,1
456666,1
456668,1
456669,1
456670,1
456672,1
456673,1
456674,1
456676,1
456677,1
456678,1
456680,1
456681,1
456682,1
456684,1
456685,1
456686,1
456688,1
456689,1
456690,1
456692,1
456693,1
456694,1
456696,1
456697,1
456698,1
456700,1
456701,1
456702,1
456705,1
456706,1
456707,1
456709,1
456710,1
456712,1
456713,1
456714,1
456716,1
456717,1
456718,1
456720,1
456721,1
456722,1
456724,1
456725,1
456726,1
456728,1
456729,1
456730,1
456732,1
456733,1
456734,1
456736,1
456737,1
456738,1
456740,1
456741,1
456742,1
456744,1
456745,1
456747,1
456749,1
456750,1
456752,1
456753,1
456754,1
456756,1
456757,1
456758,1
456760,1
456761,1
456762,1
456764,1
456765,1
456766,1
456768,1
456769,1
456770,1
456772,1
456773,1
456774,1
456776,1
456777,1
456778,1
456780,1
456781,1
456782,1
456784,1
456785,1
456786,1
456788,1
456790,1
456791,1
456793,1
456794,1
456796,1
456797,1
456798,1
456800,1
456801,1
456802,1
456804,1
456805,1
456806,1
456808,1
456809,1
456810,1
456812,1
456813,1
456814,1
456816,1
456817,1
456818,1
456820,1
456821,1
456822,1
456824,1
456825,1
456826,1
456828,1
456829,1
456830,1
456833,1
456834,1
456836,1
456837,1
456838,1
456840,1
456841,1
456842,1
456844,1
456845,1
456846,1
456848,1
456849,1
456850,1
456852,1
